,new_gps_latitude,new_gps_longitude
0,30.07424625686869,31.30319922564341
1,30.07424625686869,31.30319922564341
2,30.07424625686869,31.30319922564341
3,30.07420388706449,31.303068770050817
4,30.07420388706449,31.303068770050817
5,30.07420388706449,31.303068770050817
6,30.07420388706449,31.303068770050817
7,30.07417689967966,31.30298567681685
8,30.07417689967966,31.30298567681685
9,30.07417689967966,31.30298567681685
10,30.074175505855315,31.30298138528504
11,30.074175505855315,31.30298138528504
12,30.074175505855315,31.30298138528504
13,30.074159294777434,31.302931472036775
14,30.074159294777434,31.302931472036775
15,30.074159294777434,31.302931472036775
16,30.074159294777434,31.302931472036775
17,30.074113203425494,31.302789559048797
18,30.074113203425494,31.302789559048797
19,30.074113203425494,31.302789559048797
20,30.074200221631315,31.302563362318676
21,30.074200221631315,31.302563362318676
22,30.074200221631315,31.302563362318676
23,30.074130715917658,31.302360272892578
24,30.074130715917658,31.302360272892578
25,30.074130715917658,31.302360272892578
26,30.07407236938623,31.302189790514955
27,30.07407236938623,31.302189790514955
28,30.07407236938623,31.302189790514955
29,30.07407236938623,31.302189790514955
30,30.07404800618039,31.302118604060787
31,30.07404800618039,31.302118604060787
32,30.07404800618039,31.302118604060787
33,30.0740235,31.302046999999995
34,30.0740235,31.302046999999995
35,30.074018004811744,31.30203292884412
36,30.074018004811744,31.30203292884412
37,30.074018004811744,31.30203292884412
38,30.07399052086614,31.301962552649567
39,30.07399052086614,31.301962552649567
40,30.07399052086614,31.301962552649567
41,30.07399052086614,31.301962552649567
42,30.07395768439568,31.30187847080052
43,30.07395768439568,31.30187847080052
44,30.07395768439568,31.30187847080052
45,30.073946799999995,31.301850599999998
46,30.073932156199827,31.301805479554805
47,30.073932156199827,31.301805479554805
48,30.073932156199827,31.301805479554805
49,30.073923399999995,31.301778499999998
50,30.073897079182412,31.30171280182687
51,30.073897079182412,31.30171280182687
52,30.073897079182412,31.30171280182687
53,30.073897079182412,31.30171280182687
54,30.073865417277144,31.301633772166625
55,30.073865417277144,31.301633772166625
56,30.073865417277144,31.301633772166625
57,30.073860100000005,31.301620500000002
58,30.073860100000005,31.301620500000002
59,30.073844998400055,31.301578406427165
60,30.073844998400055,31.301578406427165
61,30.073844998400055,31.301578406427165
62,30.073844998400055,31.301578406427165
63,30.073835888965235,31.30155301519097
64,30.073835888965235,31.30155301519097
65,30.073835888965235,31.30155301519097
66,30.073826932441584,31.30152805019041
67,30.073826932441584,31.30152805019041
68,30.073826932441584,31.30152805019041
69,30.073826932441584,31.30152805019041
70,30.073825299999996,31.3015235
71,30.073825299999996,31.3015235
72,30.07381966469316,31.301506454813087
73,30.07381966469316,31.301506454813087
74,30.07381966469316,31.301506454813087
75,30.073812327837743,31.301484262942655
76,30.073812327837743,31.301484262942655
77,30.073812327837743,31.301484262942655
78,30.07379546161322,31.301433247535787
79,30.07379546161322,31.301433247535787
80,30.07379546161322,31.301433247535787
81,30.073782300978053,31.301393440508704
82,30.073782300978053,31.301393440508704
83,30.073782300978053,31.301393440508704
84,30.073782300978053,31.301393440508704
85,30.07377677071902,31.30137671312555
86,30.07377677071902,31.30137671312555
87,30.07377677071902,31.30137671312555
88,30.07366196719249,31.301409331600304
89,30.07366196719249,31.301409331600304
90,30.07366196719249,31.301409331600304
91,30.07365828680076,31.30139861027333
92,30.07365828680076,31.30139861027333
93,30.07365828680076,31.30139861027333
94,30.07365828680076,31.30139861027333
95,30.073653369358063,31.30138428530582
96,30.073653369358063,31.30138428530582
97,30.073653369358063,31.30138428530582
98,30.07365061216602,31.301376253351812
99,30.07365061216602,31.301376253351812
100,30.07365061216602,31.301376253351812
101,30.07365061216602,31.301376253351812
102,30.07364651132231,31.301364307220346
103,30.07364651132231,31.301364307220346
104,30.07364651132231,31.301364307220346
105,30.073639520931994,31.301343943585856
106,30.073639520931994,31.301343943585856
107,30.073639520931994,31.301343943585856
108,30.07362863312535,31.301312226451692
109,30.07362863312535,31.301312226451692
110,30.07362863312535,31.301312226451692
111,30.073615420580083,31.301273737189508
112,30.073615420580083,31.301273737189508
113,30.073615420580083,31.301273737189508
114,30.073615420580083,31.301273737189508
115,30.07360137711292,31.301232827428596
116,30.07360137711292,31.301232827428596
117,30.07360137711292,31.301232827428596
118,30.073587044904258,31.301191076590246
119,30.073587044904258,31.301191076590246
120,30.073587044904258,31.301191076590246
121,30.073569559406902,31.301140140045177
122,30.073569559406902,31.301140140045177
123,30.073569559406902,31.301140140045177
124,30.073569559406902,31.301140140045177
125,30.073547696914062,31.30107645309484
126,30.073547696914062,31.30107645309484
127,30.073547696914062,31.30107645309484
128,30.073529539894274,31.30102356053254
129,30.073529539894274,31.30102356053254
130,30.073529539894274,31.30102356053254
131,30.073513934983406,31.300978102491925
132,30.073513934983406,31.300978102491925
133,30.073513934983406,31.300978102491925
134,30.073513934983406,31.300978102491925
135,30.073488277798585,31.300903361704965
136,30.073488277798585,31.300903361704965
137,30.073488277798585,31.300903361704965
138,30.073463282016956,31.30083054777755
139,30.073463282016956,31.30083054777755
140,30.073463282016956,31.30083054777755
141,30.073463282016956,31.30083054777755
142,30.073463282016956,31.30083054777755
143,30.073463282016956,31.30083054777755
144,30.073463282016956,31.30083054777755
145,30.073463282016956,31.30083054777755
146,30.073463282016956,31.30083054777755
147,30.073463282016956,31.30083054777755
148,30.073463282016956,31.30083054777755
149,30.073463282016956,31.30083054777755
150,30.073463282016956,31.30083054777755
151,30.073463282016956,31.30083054777755
152,30.073463282016956,31.30083054777755
153,30.073463282016956,31.30083054777755
154,30.073463282016956,31.30083054777755
155,30.073463282016956,31.30083054777755
156,30.073463282016956,31.30083054777755
157,30.073463282016956,31.30083054777755
158,30.073463282016956,31.30083054777755
159,30.073463282016956,31.30083054777755
160,30.073463282016956,31.30083054777755
161,30.073463282016956,31.30083054777755
162,30.073463282016956,31.30083054777755
163,30.073463282016956,31.30083054777755
164,30.073463282016956,31.30083054777755
165,30.073463282016956,31.30083054777755
166,30.073463282016956,31.30083054777755
167,30.073463282016956,31.30083054777755
168,30.073463282016956,31.30083054777755
169,30.073463282016956,31.30083054777755
170,30.073463282016956,31.30083054777755
171,30.073463282016956,31.30083054777755
172,30.073463282016956,31.30083054777755
173,30.073463282016956,31.30083054777755
174,30.073463282016956,31.30083054777755
175,30.073463282016956,31.30083054777755
176,30.073463282016956,31.30083054777755
177,30.073463282016956,31.30083054777755
178,30.073463282016956,31.30083054777755
179,30.073463282016956,31.30083054777755
180,30.073463282016956,31.30083054777755
181,30.073463282016956,31.30083054777755
182,30.073463282016956,31.30083054777755
183,30.073463282016956,31.30083054777755
184,30.073463282016956,31.30083054777755
185,30.073463282016956,31.30083054777755
186,30.073463282016956,31.30083054777755
187,30.073463282016956,31.30083054777755
188,30.073463282016956,31.30083054777755
189,30.073463282016956,31.30083054777755
190,30.073463282016956,31.30083054777755
191,30.073463282016956,31.30083054777755
192,30.073463282016956,31.30083054777755
193,30.073463282016956,31.30083054777755
194,30.073463282016956,31.30083054777755
195,30.073463282016956,31.30083054777755
196,30.073463282016956,31.30083054777755
197,30.073463282016956,31.30083054777755
198,30.073463282016956,31.30083054777755
199,30.073463282016956,31.30083054777755
200,30.073463282016956,31.30083054777755
201,30.073463282016956,31.30083054777755
202,30.073463282016956,31.30083054777755
203,30.073463282016956,31.30083054777755
204,30.073463282016956,31.30083054777755
205,30.073463282016956,31.30083054777755
206,30.073463282016956,31.30083054777755
207,30.073463282016956,31.30083054777755
208,30.073463282016956,31.30083054777755
209,30.073463282016956,31.30083054777755
210,30.073463282016956,31.30083054777755
211,30.073463282016956,31.30083054777755
212,30.073463282016956,31.30083054777755
213,30.073463282016956,31.30083054777755
214,30.073463282016956,31.30083054777755
215,30.073463282016956,31.30083054777755
216,30.073463282016956,31.30083054777755
217,30.073463282016956,31.30083054777755
218,30.073463282016956,31.30083054777755
219,30.073463282016956,31.30083054777755
220,30.073463282016956,31.30083054777755
221,30.073463282016956,31.30083054777755
222,30.073463282016956,31.30083054777755
223,30.073463282016956,31.30083054777755
224,30.073463282016956,31.30083054777755
225,30.073463282016956,31.30083054777755
226,30.073463282016956,31.30083054777755
227,30.073463282016956,31.30083054777755
228,30.073463282016956,31.30083054777755
229,30.073463282016956,31.30083054777755
230,30.073463282016956,31.30083054777755
231,30.073463282016956,31.30083054777755
232,30.073463282016956,31.30083054777755
233,30.073463282016956,31.30083054777755
234,30.073463282016956,31.30083054777755
235,30.073463282016956,31.30083054777755
236,30.073463282016956,31.30083054777755
237,30.073463282016956,31.30083054777755
238,30.073463282016956,31.30083054777755
239,30.073463282016956,31.30083054777755
240,30.073463282016956,31.30083054777755
241,30.073463282016956,31.30083054777755
242,30.073463282016956,31.30083054777755
243,30.073463282016956,31.30083054777755
244,30.073463282016956,31.30083054777755
245,30.073463282016956,31.30083054777755
246,30.073463282016956,31.30083054777755
247,30.073463282016956,31.30083054777755
248,30.073463282016956,31.30083054777755
249,30.073463282016956,31.30083054777755
250,30.073463282016956,31.30083054777755
251,30.073463282016956,31.30083054777755
252,30.073463282016956,31.30083054777755
253,30.073463282016956,31.30083054777755
254,30.073463282016956,31.30083054777755
255,30.073463282016956,31.30083054777755
256,30.073463282016956,31.30083054777755
257,30.073463282016956,31.30083054777755
258,30.073463282016956,31.30083054777755
259,30.073463282016956,31.30083054777755
260,30.073463282016956,31.30083054777755
261,30.073463282016956,31.30083054777755
262,30.073463282016956,31.30083054777755
263,30.073463282016956,31.30083054777755
264,30.073463282016956,31.30083054777755
265,30.073463282016956,31.30083054777755
266,30.073463282016956,31.30083054777755
267,30.073463282016956,31.30083054777755
268,30.073463282016956,31.30083054777755
269,30.073463282016956,31.30083054777755
270,30.073463282016956,31.30083054777755
271,30.073463282016956,31.30083054777755
272,30.073463282016956,31.30083054777755
273,30.073463282016956,31.30083054777755
274,30.073463282016956,31.30083054777755
275,30.073463282016956,31.30083054777755
276,30.073463282016956,31.30083054777755
277,30.073463282016956,31.30083054777755
278,30.073463282016956,31.30083054777755
279,30.073463282016956,31.30083054777755
280,30.073463282016956,31.30083054777755
281,30.073463282016956,31.30083054777755
282,30.073463282016956,31.30083054777755
283,30.073463282016956,31.30083054777755
284,30.073463282016956,31.30083054777755
285,30.073463282016956,31.30083054777755
286,30.073463282016956,31.30083054777755
287,30.073463282016956,31.30083054777755
288,30.073463282016956,31.30083054777755
289,30.073463282016956,31.30083054777755
290,30.073463282016956,31.30083054777755
291,30.073463282016956,31.30083054777755
292,30.073463282016956,31.30083054777755
293,30.073463282016956,31.30083054777755
294,30.073463282016956,31.30083054777755
295,30.073463282016956,31.30083054777755
296,30.073463282016956,31.30083054777755
297,30.073463282016956,31.30083054777755
298,30.073463282016956,31.30083054777755
299,30.073463282016956,31.30083054777755
300,30.073463282016956,31.30083054777755
301,30.073463282016956,31.30083054777755
302,30.073463282016956,31.30083054777755
303,30.073463282016956,31.30083054777755
304,30.073463282016956,31.30083054777755
305,30.073463282016956,31.30083054777755
306,30.073463282016956,31.30083054777755
307,30.073463282016956,31.30083054777755
308,30.073463282016956,31.30083054777755
309,30.073463282016956,31.30083054777755
310,30.073463282016956,31.30083054777755
311,30.073463282016956,31.30083054777755
312,30.073463282016956,31.30083054777755
313,30.073463282016956,31.30083054777755
314,30.073463282016956,31.30083054777755
315,30.073463282016956,31.30083054777755
316,30.073463282016956,31.30083054777755
317,30.073463282016956,31.30083054777755
318,30.073463282016956,31.30083054777755
319,30.073463282016956,31.30083054777755
320,30.073463282016956,31.30083054777755
321,30.073463282016956,31.30083054777755
322,30.073463282016956,31.30083054777755
323,30.073463282016956,31.30083054777755
324,30.073463282016956,31.30083054777755
325,30.073463282016956,31.30083054777755
326,30.073463282016956,31.30083054777755
327,30.073463282016956,31.30083054777755
328,30.073463282016956,31.30083054777755
329,30.073463282016956,31.30083054777755
330,30.073463282016956,31.30083054777755
331,30.073463282016956,31.30083054777755
332,30.073463282016956,31.30083054777755
333,30.073463282016956,31.30083054777755
334,30.073463282016956,31.30083054777755
335,30.073463282016956,31.30083054777755
336,30.073463282016956,31.30083054777755
337,30.073463282016956,31.30083054777755
338,30.073463282016956,31.30083054777755
339,30.073463282016956,31.30083054777755
340,30.073463282016956,31.30083054777755
341,30.073463282016956,31.30083054777755
342,30.073463282016956,31.30083054777755
343,30.073463282016956,31.30083054777755
344,30.073463282016956,31.30083054777755
345,30.073463282016956,31.30083054777755
346,30.073463282016956,31.30083054777755
347,30.073463282016956,31.30083054777755
348,30.073463282016956,31.30083054777755
349,30.073463282016956,31.30083054777755
350,30.073463282016956,31.30083054777755
351,30.073463282016956,31.30083054777755
352,30.073463282016956,31.30083054777755
353,30.073463282016956,31.30083054777755
354,30.073463282016956,31.30083054777755
355,30.073463282016956,31.30083054777755
356,30.073463282016956,31.30083054777755
357,30.073463282016956,31.30083054777755
358,30.073463282016956,31.30083054777755
359,30.073463282016956,31.30083054777755
360,30.073463282016956,31.30083054777755
361,30.073463282016956,31.30083054777755
362,30.073463282016956,31.30083054777755
363,30.073463282016956,31.30083054777755
364,30.073463282016956,31.30083054777755
365,30.073463282016956,31.30083054777755
366,30.073463282016956,31.30083054777755
367,30.073463282016956,31.30083054777755
368,30.073463282016956,31.30083054777755
369,30.073463282016956,31.30083054777755
370,30.073463282016956,31.30083054777755
371,30.073463282016956,31.30083054777755
372,30.073463282016956,31.30083054777755
373,30.073463282016956,31.30083054777755
374,30.073463282016956,31.30083054777755
375,30.073463282016956,31.30083054777755
376,30.073463282016956,31.30083054777755
377,30.073463282016956,31.30083054777755
378,30.073463282016956,31.30083054777755
379,30.073463282016956,31.30083054777755
380,30.073463282016956,31.30083054777755
381,30.073463282016956,31.30083054777755
382,30.073463282016956,31.30083054777755
383,30.073463282016956,31.30083054777755
384,30.073463282016956,31.30083054777755
385,30.073463282016956,31.30083054777755
386,30.073463282016956,31.30083054777755
387,30.073463282016956,31.30083054777755
388,30.073463282016956,31.30083054777755
389,30.073463282016956,31.30083054777755
390,30.073463282016956,31.30083054777755
391,30.073463282016956,31.30083054777755
392,30.073463282016956,31.30083054777755
393,30.073463282016956,31.30083054777755
394,30.073463282016956,31.30083054777755
395,30.073463282016956,31.30083054777755
396,30.073463282016956,31.30083054777755
397,30.073463282016956,31.30083054777755
398,30.073463282016956,31.30083054777755
399,30.073463282016956,31.30083054777755
400,30.073463282016956,31.30083054777755
401,30.073463282016956,31.30083054777755
402,30.073463282016956,31.30083054777755
403,30.073463282016956,31.30083054777755
404,30.073463282016956,31.30083054777755
405,30.073463282016956,31.30083054777755
406,30.073463282016956,31.30083054777755
407,30.073463282016956,31.30083054777755
408,30.073463282016956,31.30083054777755
409,30.073463282016956,31.30083054777755
410,30.073463282016956,31.30083054777755
411,30.073463282016956,31.30083054777755
412,30.073463282016956,31.30083054777755
413,30.073463282016956,31.30083054777755
414,30.073463282016956,31.30083054777755
415,30.073463282016956,31.30083054777755
416,30.073463282016956,31.30083054777755
417,30.073463282016956,31.30083054777755
418,30.073463282016956,31.30083054777755
419,30.073463282016956,31.30083054777755
420,30.073463282016956,31.30083054777755
421,30.073463282016956,31.30083054777755
422,30.073463282016956,31.30083054777755
423,30.073463282016956,31.30083054777755
424,30.073463282016956,31.30083054777755
425,30.073463282016956,31.30083054777755
426,30.073463282016956,31.30083054777755
427,30.073463282016956,31.30083054777755
428,30.073463282016956,31.30083054777755
429,30.073463282016956,31.30083054777755
430,30.073463282016956,31.30083054777755
431,30.073463282016956,31.30083054777755
432,30.073463282016956,31.30083054777755
433,30.073463282016956,31.30083054777755
434,30.073463282016956,31.30083054777755
435,30.073463282016956,31.30083054777755
436,30.073463282016956,31.30083054777755
437,30.073463282016956,31.30083054777755
438,30.073463282016956,31.30083054777755
439,30.073463282016956,31.30083054777755
440,30.073463282016956,31.30083054777755
441,30.073463282016956,31.30083054777755
442,30.073463282016956,31.30083054777755
443,30.073463282016956,31.30083054777755
444,30.073463282016956,31.30083054777755
445,30.073463282016956,31.30083054777755
446,30.073463282016956,31.30083054777755
447,30.073463282016956,31.30083054777755
448,30.073463282016956,31.30083054777755
449,30.073463282016956,31.30083054777755
450,30.073463282016956,31.30083054777755
451,30.073463282016956,31.30083054777755
452,30.073463282016956,31.30083054777755
453,30.073463282016956,31.30083054777755
454,30.073463282016956,31.30083054777755
455,30.073463282016956,31.30083054777755
456,30.073463282016956,31.30083054777755
457,30.073463282016956,31.30083054777755
458,30.073463282016956,31.30083054777755
459,30.073463282016956,31.30083054777755
460,30.073463282016956,31.30083054777755
461,30.073463282016956,31.30083054777755
462,30.073463282016956,31.30083054777755
463,30.073463282016956,31.30083054777755
464,30.073463282016956,31.30083054777755
465,30.073463282016956,31.30083054777755
466,30.073463282016956,31.30083054777755
467,30.073463282016956,31.30083054777755
468,30.073463282016956,31.30083054777755
469,30.073463282016956,31.30083054777755
470,30.073463282016956,31.30083054777755
471,30.073463282016956,31.30083054777755
472,30.073463282016956,31.30083054777755
473,30.073463282016956,31.30083054777755
474,30.073463282016956,31.30083054777755
475,30.073463282016956,31.30083054777755
476,30.073463282016956,31.30083054777755
477,30.073463282016956,31.30083054777755
478,30.073463282016956,31.30083054777755
479,30.073463282016956,31.30083054777755
480,30.073463282016956,31.30083054777755
481,30.073463282016956,31.30083054777755
482,30.073463282016956,31.30083054777755
483,30.073463282016956,31.30083054777755
484,30.073463282016956,31.30083054777755
485,30.073463282016956,31.30083054777755
486,30.073463282016956,31.30083054777755
487,30.073463282016956,31.30083054777755
488,30.073463282016956,31.30083054777755
489,30.073463282016956,31.30083054777755
490,30.073463282016956,31.30083054777755
491,30.073463282016956,31.30083054777755
492,30.073463282016956,31.30083054777755
493,30.073463282016956,31.30083054777755
494,30.073463282016956,31.30083054777755
495,30.073463282016956,31.30083054777755
496,30.073463282016956,31.30083054777755
497,30.073463282016956,31.30083054777755
498,30.073463282016956,31.30083054777755
499,30.073463282016956,31.30083054777755
500,30.073463282016956,31.30083054777755
501,30.073463282016956,31.30083054777755
502,30.073463282016956,31.30083054777755
503,30.073463282016956,31.30083054777755
504,30.073463282016956,31.30083054777755
505,30.073463282016956,31.30083054777755
506,30.073463282016956,31.30083054777755
507,30.073463282016956,31.30083054777755
508,30.073463282016956,31.30083054777755
509,30.073463282016956,31.30083054777755
510,30.073463282016956,31.30083054777755
511,30.073463282016956,31.30083054777755
512,30.073463282016956,31.30083054777755
513,30.073463282016956,31.30083054777755
514,30.073463282016956,31.30083054777755
515,30.073463282016956,31.30083054777755
516,30.073463282016956,31.30083054777755
517,30.073463282016956,31.30083054777755
518,30.073463282016956,31.30083054777755
519,30.073463282016956,31.30083054777755
520,30.073463282016956,31.30083054777755
521,30.073463282016956,31.30083054777755
522,30.073463282016956,31.30083054777755
523,30.073463282016956,31.30083054777755
524,30.073463282016956,31.30083054777755
525,30.073463282016956,31.30083054777755
526,30.073463282016956,31.30083054777755
527,30.073463282016956,31.30083054777755
528,30.073463282016956,31.30083054777755
529,30.073463282016956,31.30083054777755
530,30.073463282016956,31.30083054777755
531,30.073463282016956,31.30083054777755
532,30.073463282016956,31.30083054777755
533,30.073463282016956,31.30083054777755
534,30.073463282016956,31.30083054777755
535,30.073463282016956,31.30083054777755
536,30.073463282016956,31.30083054777755
537,30.073463282016956,31.30083054777755
538,30.073463282016956,31.30083054777755
539,30.073463282016956,31.30083054777755
540,30.073463282016956,31.30083054777755
541,30.073463282016956,31.30083054777755
542,30.0714871,31.2951311
543,30.0714871,31.2951311
544,30.0714871,31.2951311
545,30.0714871,31.2951311
546,30.071484899999994,31.295062400000003
547,30.0714771,31.295008700000004
548,30.07146209999999,31.2949375
549,30.0713995,31.294684300000004
550,30.0713995,31.294684300000004
551,30.0713995,31.294684300000004
552,30.070705935795846,31.29403342579083
553,30.070731828389004,31.294095284326172
554,30.070731828389004,31.294095284326172
555,30.070731828389004,31.294095284326172
556,30.07077807612315,31.294205772434573
557,30.07077807612315,31.294205772434573
558,30.07077807612315,31.294205772434573
559,30.070874046659284,31.294435051792927
560,30.070874046659284,31.294435051792927
561,30.070874046659284,31.294435051792927
562,30.070874046659284,31.294435051792927
563,30.070925668454144,31.29455837992945
564,30.070925668454144,31.29455837992945
565,30.070925668454144,31.29455837992945
566,30.0709271,31.294561800000004
567,30.070959399144176,31.294646773584777
568,30.070959399144176,31.294646773584777
569,30.070959399144176,31.294646773584777
570,30.0709978,31.2947478
571,30.0709978,31.2947478
572,30.0709588295375,31.29479342143451
573,30.0709588295375,31.29479342143451
574,30.0709588295375,31.29479342143451
575,30.071015240279092,31.294794562622567
576,30.071068493758606,31.29493735156071
577,30.071068493758606,31.29493735156071
578,30.071068493758606,31.29493735156071
579,30.071120531374685,31.29507688094365
580,30.071120531374685,31.29507688094365
581,30.071120531374685,31.29507688094365
582,30.07117706956755,31.295228478417062
583,30.07117706956755,31.295228478417062
584,30.07117706956755,31.295228478417062
585,30.07117706956755,31.295228478417062
586,30.0712350333818,31.295383899113855
587,30.0712350333818,31.295383899113855
588,30.0712350333818,31.295383899113855
589,30.07128781006753,31.295525411939934
590,30.07128781006753,31.295525411939934
591,30.07128781006753,31.295525411939934
592,30.07128781006753,31.295525411939934
593,30.07134307332079,31.295673592724032
594,30.07134307332079,31.295673592724032
595,30.07134307332079,31.295673592724032
596,30.071354599999996,31.2957045
597,30.071354599999996,31.2957045
598,30.07142149131775,31.295883847910158
599,30.07142149131775,31.295883847910158
600,30.07142149131775,31.295883847910158
601,30.07142149131775,31.295883847910158
602,30.071505088394698,31.296107988287815
603,30.071505088394698,31.296107988287815
604,30.071505088394698,31.296107988287815
605,30.071573366127414,31.296291055496326
606,30.071573366127414,31.296291055496326
607,30.071573366127414,31.296291055496326
608,30.071573366127414,31.296291055496326
609,30.07164737998057,31.296489503524434
610,30.07164737998057,31.296489503524434
611,30.07164737998057,31.296489503524434
612,30.071675499999998,31.296564899999993
613,30.071704236503663,31.296644994515628
614,30.071704236503663,31.296644994515628
615,30.071704236503663,31.296644994515628
616,30.071704236503663,31.296644994515628
617,30.071772446733107,31.296835111110024
618,30.071772446733107,31.296835111110024
619,30.071772446733107,31.296835111110024
620,30.071833895704334,31.297006383499394
621,30.071833895704334,31.297006383499394
622,30.071833895704334,31.297006383499394
623,30.071874299999998,31.297119000000002
624,30.071874299999998,31.297119000000002
625,30.071887467454378,31.297155576248784
626,30.071887467454378,31.297155576248784
627,30.071887467454378,31.297155576248784
628,30.071887467454378,31.297155576248784
629,30.071896799999998,31.2971815
630,30.071896799999998,31.2971815
631,30.07195564852148,31.297348354452968
632,30.07195564852148,31.297348354452968
633,30.07195564852148,31.297348354452968
634,30.072018295303067,31.297525979067448
635,30.072018295303067,31.297525979067448
636,30.072018295303067,31.297525979067448
637,30.072018295303067,31.297525979067448
638,30.072093366146465,31.297738831247603
639,30.072093366146465,31.297738831247603
640,30.072093366146465,31.297738831247603
641,30.07215247624718,31.29790643003378
642,30.07215247624718,31.29790643003378
643,30.07215247624718,31.29790643003378
644,30.07221287258689,31.298077676608028
645,30.07221287258689,31.298077676608028
646,30.07221287258689,31.298077676608028
647,30.07221287258689,31.298077676608028
648,30.072267127199147,31.298231509765873
649,30.072267127199147,31.298231509765873
650,30.072267127199147,31.298231509765873
651,30.0722916,31.298300899999994
652,30.0722916,31.298300899999994
653,30.072329626041405,31.298413843587262
654,30.072329626041405,31.298413843587262
655,30.072329626041405,31.298413843587262
656,30.07239850969917,31.29861844031356
657,30.07239850969917,31.29861844031356
658,30.07239850969917,31.29861844031356
659,30.07239850969917,31.29861844031356
660,30.072454720767496,31.29878539810157
661,30.072454720767496,31.29878539810157
662,30.072454720767496,31.29878539810157
663,30.072496200000003,31.2989086
664,30.072496200000003,31.2989086
665,30.072527064467582,31.29900003670374
666,30.072527064467582,31.29900003670374
667,30.072527064467582,31.29900003670374
668,30.072527064467582,31.29900003670374
669,30.072594438425135,31.299199634470895
670,30.072594438425135,31.299199634470895
671,30.072594438425135,31.299199634470895
672,30.07265712037768,31.299385333051042
673,30.07265712037768,31.299385333051042
674,30.07265712037768,31.299385333051042
675,30.072711168152694,31.299545453235982
676,30.072711168152694,31.299545453235982
677,30.072711168152694,31.299545453235982
678,30.072711168152694,31.299545453235982
679,30.07276663579873,31.299709780664315
680,30.07276663579873,31.299709780664315
681,30.07276663579873,31.299709780664315
682,30.07281158106549,31.29984293526448
683,30.07281158106549,31.29984293526448
684,30.07281158106549,31.29984293526448
685,30.072858966457158,31.29998331952681
686,30.072858966457158,31.29998331952681
687,30.072858966457158,31.29998331952681
688,30.072858966457158,31.29998331952681
689,30.07290240922445,31.30011202385155
690,30.07290240922445,31.30011202385155
691,30.07290240922445,31.30011202385155
692,30.0729416487634,31.300228276032712
693,30.0729416487634,31.300228276032712
694,30.0729416487634,31.300228276032712
695,30.0729416487634,31.300228276032712
696,30.07297884359514,31.300338470870656
697,30.07297884359514,31.300338470870656
698,30.07297884359514,31.300338470870656
699,30.073007525157102,31.30042344421089
700,30.073007525157102,31.30042344421089
701,30.073007525157102,31.30042344421089
702,30.073033042443274,31.300499043096796
703,30.073033042443274,31.300499043096796
704,30.073033042443274,31.300499043096796
705,30.073062820812307,31.30058726630758
706,30.073062820812307,31.30058726630758
707,30.073062820812307,31.30058726630758
708,30.073062820812307,31.30058726630758
709,30.0731009322022,31.30070017776584
710,30.0731009322022,31.30070017776584
711,30.0731009322022,31.30070017776584
712,30.07313179051856,31.30079160103645
713,30.07313179051856,31.30079160103645
714,30.07313179051856,31.30079160103645
715,30.07313179051856,31.30079160103645
716,30.073154150960647,31.300857847990347
717,30.073154150960647,31.300857847990347
718,30.073154150960647,31.300857847990347
719,30.073156699999995,31.300865400000003
720,30.073156699999995,31.300865400000003
721,30.073162884312847,31.300883302382246
722,30.073162884312847,31.300883302382246
723,30.073162884312847,31.300883302382246
724,30.07318637546991,31.30095130479503
725,30.07318637546991,31.30095130479503
726,30.07318637546991,31.30095130479503
727,30.073198536989935,31.300986510125085
728,30.073198536989935,31.300986510125085
729,30.073198536989935,31.300986510125085
730,30.073198536989935,31.300986510125085
731,30.073213447461406,31.30102967320524
732,30.073213447461406,31.30102967320524
733,30.073213447461406,31.30102967320524
734,30.073235063710595,31.30109224837758
735,30.073235063710595,31.30109224837758
736,30.073235063710595,31.30109224837758
737,30.073235063710595,31.30109224837758
738,30.073260787886575,31.301166715410115
739,30.073260787886575,31.301166715410115
740,30.073260787886575,31.301166715410115
741,30.073284232330032,31.30123458315151
742,30.073284232330032,31.30123458315151
743,30.073284232330032,31.30123458315151
744,30.073311808394976,31.301314411416204
745,30.073311808394976,31.301314411416204
746,30.073311808394976,31.301314411416204
747,30.073311808394976,31.301314411416204
748,30.07334406539205,31.30140779045881
749,30.07334406539205,31.30140779045881
750,30.07334406539205,31.30140779045881
751,30.073349616664387,31.301423860563364
752,30.073349616664387,31.301423860563364
753,30.073349616664387,31.301423860563364
754,30.073352340140747,31.30143174462353
755,30.073352340140747,31.30143174462353
756,30.073352340140747,31.30143174462353
757,30.073352340140747,31.30143174462353
758,30.073332392438886,31.301373999026623
759,30.073332392438886,31.301373999026623
760,30.073332392438886,31.301373999026623
761,30.073333161737285,31.301376226028022
762,30.073333161737285,31.301376226028022
763,30.073333161737285,31.301376226028022
764,30.073333161737285,31.301376226028022
765,30.073343061317374,31.301404883813323
766,30.073343061317374,31.301404883813323
767,30.073343061317374,31.301404883813323
768,30.073350709549953,31.301427024304786
769,30.073350709549953,31.301427024304786
770,30.073350709549953,31.301427024304786
771,30.07336835217936,31.301478097136943
772,30.07336835217936,31.301478097136943
773,30.07336835217936,31.301478097136943
774,30.07336835217936,31.301478097136943
775,30.073382065878498,31.301517796342562
776,30.073382065878498,31.301517796342562
777,30.073382065878498,31.301517796342562
778,30.073406686261325,31.301589068958158
779,30.073406686261325,31.301589068958158
780,30.073406686261325,31.301589068958158
781,30.073429941289525,31.30165638919504
782,30.073429941289525,31.30165638919504
783,30.073429941289525,31.30165638919504
784,30.073429941289525,31.30165638919504
785,30.07345428437277,31.301726859347905
786,30.07345428437277,31.301726859347905
787,30.07345428437277,31.301726859347905
788,30.073479598278904,31.301800140062696
789,30.073479598278904,31.301800140062696
790,30.073479598278904,31.301800140062696
791,30.073479598278904,31.301800140062696
792,30.073500723109493,31.301861294026185
793,30.073500723109493,31.301861294026185
794,30.073500723109493,31.301861294026185
795,30.073524065090734,31.30192886651237
796,30.073524065090734,31.30192886651237
797,30.073524065090734,31.30192886651237
798,30.073524065090734,31.30192886651237
799,30.073529499999992,31.301944600000002
800,30.073529499999992,31.301944600000002
801,30.073547551930787,31.301995229217628
802,30.073547551930787,31.301995229217628
803,30.073547551930787,31.301995229217628
804,30.07357845544412,31.302081902702852
805,30.07357845544412,31.302081902702852
806,30.07357845544412,31.302081902702852
807,30.073603643760684,31.302152547229365
808,30.073603643760684,31.302152547229365
809,30.073603643760684,31.302152547229365
810,30.073617872459717,31.302192453877485
811,30.073617872459717,31.302192453877485
812,30.073617872459717,31.302192453877485
813,30.073617872459717,31.302192453877485
814,30.073640615800667,31.30225624128632
815,30.073640615800667,31.30225624128632
816,30.073640615800667,31.30225624128632
817,30.07367140054826,31.302342582315802
818,30.07367140054826,31.302342582315802
819,30.07367140054826,31.302342582315802
820,30.07367140054826,31.302342582315802
821,30.0736969,31.3024141
822,30.0736969,31.3024141
823,30.073699784415133,31.30242229674325
824,30.073699784415133,31.30242229674325
825,30.073699784415133,31.30242229674325
826,30.073719327440372,31.302477832891554
827,30.073719327440372,31.302477832891554
828,30.073719327440372,31.302477832891554
829,30.073752409402367,31.30257184334572
830,30.073752409402367,31.30257184334572
831,30.073752409402367,31.30257184334572
832,30.073770687681495,31.30262378563714
833,30.073770687681495,31.30262378563714
834,30.073770687681495,31.30262378563714
835,30.073770687681495,31.30262378563714
836,30.07379249628944,31.30268576033993
837,30.07379249628944,31.30268576033993
838,30.07379249628944,31.30268576033993
839,30.07381605344947,31.30275270412141
840,30.07381605344947,31.30275270412141
841,30.07381605344947,31.30275270412141
842,30.07381605344947,31.30275270412141
843,30.07383301514014,31.302800905245114
844,30.07383301514014,31.302800905245114
845,30.07383301514014,31.302800905245114
846,30.073855265813236,31.302864136510077
847,30.073855265813236,31.302864136510077
848,30.073855265813236,31.302864136510077
849,30.07388768220021,31.30295625658672
850,30.07388768220021,31.30295625658672
851,30.07388768220021,31.30295625658672
852,30.07388768220021,31.30295625658672
853,30.073918044982936,31.303042541002515
854,30.073918044982936,31.303042541002515
855,30.073918044982936,31.303042541002515
856,30.073926300000007,31.303065999999998
857,30.073936453071486,31.303097560236704
858,30.073936453071486,31.303097560236704
859,30.073936453071486,31.303097560236704
860,30.073936453071486,31.303097560236704
861,30.07393871810086,31.303104600953837
862,30.07393871810086,31.303104600953837
863,30.07393871810086,31.303104600953837
864,30.073939886520666,31.303108232922067
865,30.073939886520666,31.303108232922067
866,30.073939886520666,31.303108232922067
867,30.073939886520666,31.303108232922067
868,30.07394659737961,31.303129093262857
869,30.07394659737961,31.303129093262857
870,30.07394659737961,31.303129093262857
871,30.073939059639105,31.303105662606534
872,30.073939147474626,31.30310593563837
873,30.073939147474626,31.30310593563837
874,30.073939147474626,31.30310593563837
875,30.073939466064967,31.303106925958794
876,30.073939466064967,31.303106925958794
877,30.073939466064967,31.303106925958794
878,30.073939466064967,31.303106925958794
879,30.073940101158026,31.303108900110484
880,30.073940101158026,31.303108900110484
881,30.073940101158026,31.303108900110484
882,30.073940101158026,31.303108900110484
883,30.073942884283486,31.303117551303483
884,30.073942884283486,31.303117551303483
885,30.073942884283486,31.303117551303483
886,30.073948715860656,31.303135678448932
887,30.073948715860656,31.303135678448932
888,30.073948715860656,31.303135678448932
889,30.073948715860656,31.303135678448932
890,30.073966978029606,31.30319244548733
891,30.073966978029606,31.30319244548733
892,30.073966978029606,31.30319244548733
893,30.073979312729854,31.303230787340617
894,30.073979312729854,31.303230787340617
895,30.073979312729854,31.303230787340617
896,30.073987514205868,31.303256281279268
897,30.073987514205868,31.303256281279268
898,30.073987514205868,31.303256281279268
899,30.073997897997934,31.30328855888237
900,30.073997897997934,31.30328855888237
901,30.073997897997934,31.30328855888237
902,30.073997897997934,31.30328855888237
903,30.074002985382688,31.303304372826215
904,30.074002985382688,31.303304372826215
905,30.074002985382688,31.303304372826215
906,30.074006179619293,31.303314301994174
907,30.074006179619293,31.303314301994174
908,30.074006179619293,31.303314301994174
909,30.074006179619293,31.303314301994174
910,30.074009314420596,31.303324046412556
911,30.074009314420596,31.303324046412556
912,30.074009314420596,31.303324046412556
913,30.074013554113236,31.30333722535092
914,30.074013554113236,31.30333722535092
915,30.074013554113236,31.30333722535092
916,30.074017974675467,31.30335096652171
917,30.074017974675467,31.30335096652171
918,30.074017974675467,31.30335096652171
919,30.07402301292816,31.303366627769705
920,30.07402301292816,31.303366627769705
921,30.07402301292816,31.303366627769705
922,30.07402301292816,31.303366627769705
923,30.074027471902873,31.303380488356684
924,30.074027471902873,31.303380488356684
925,30.074027471902873,31.303380488356684
926,30.07403304975951,31.303397826962126
927,30.07403304975951,31.303397826962126
928,30.07403304975951,31.303397826962126
929,30.07403980768198,31.303418833780086
930,30.07403980768198,31.303418833780086
931,30.07403980768198,31.303418833780086
932,30.07403980768198,31.303418833780086
933,30.07404503475892,31.30343508201549
934,30.07404503475892,31.30343508201549
935,30.07404503475892,31.30343508201549
936,30.07405022455254,31.30345121436447
937,30.07405022455254,31.30345121436447
938,30.07405022455254,31.30345121436447
939,30.07405512772169,31.303466455755352
940,30.07405512772169,31.303466455755352
941,30.07405512772169,31.303466455755352
942,30.07405512772169,31.303466455755352
943,30.07406139731668,31.30348594466032
944,30.07406139731668,31.30348594466032
945,30.07406139731668,31.30348594466032
946,30.074069593044975,31.303511420927663
947,30.074069593044975,31.303511420927663
948,30.074069593044975,31.303511420927663
949,30.074081229218375,31.303547591787368
950,30.074081229218375,31.303547591787368
951,30.074081229218375,31.303547591787368
952,30.074081229218375,31.303547591787368
953,30.074085799999995,31.303561799999997
954,30.074094370966062,31.30358923628341
955,30.074094370966062,31.30358923628341
956,30.074094370966062,31.30358923628341
957,30.074109433881684,31.30363745382341
958,30.074109433881684,31.30363745382341
959,30.074109433881684,31.30363745382341
960,30.07412523165509,31.303688023775468
961,30.07412523165509,31.303688023775468
962,30.07412523165509,31.303688023775468
963,30.07412523165509,31.303688023775468
964,30.07414045514361,31.303736755468982
965,30.07414045514361,31.303736755468982
966,30.07414045514361,31.303736755468982
967,30.074156190892772,31.30378712702901
968,30.074156190892772,31.30378712702901
969,30.074156190892772,31.30378712702901
970,30.074172181137666,31.303838313332356
971,30.074172181137666,31.303838313332356
972,30.074172181137666,31.303838313332356
973,30.07419036443567,31.303896519905667
974,30.07419036443567,31.303896519905667
975,30.07419036443567,31.303896519905667
976,30.07419036443567,31.303896519905667
977,30.0742141,31.303972499999993
978,30.0742141,31.303972499999993
979,30.07422709872133,31.30401609818867
980,30.07422709872133,31.30401609818867
981,30.07422709872133,31.30401609818867
982,30.0742302,31.3040265
983,30.074254536559774,31.30409703659404
984,30.074254536559774,31.30409703659404
985,30.074254536559774,31.30409703659404
986,30.074254536559774,31.30409703659404
987,30.074280627032604,31.30417265685409
988,30.074280627032604,31.30417265685409
989,30.074280627032604,31.30417265685409
990,30.07430296520354,31.30423740162636
991,30.07430296520354,31.30423740162636
992,30.07430296520354,31.30423740162636
993,30.07432538762106,31.304302390700126
994,30.07432538762106,31.304302390700126
995,30.07432538762106,31.304302390700126
996,30.07432538762106,31.304302390700126
997,30.074350264079907,31.304374492703495
998,30.074350264079907,31.304374492703495
999,30.074350264079907,31.304374492703495
1000,30.07436636705287,31.304421165689035
1001,30.07436636705287,31.304421165689035
1002,30.07436636705287,31.304421165689035
1003,30.07438305127414,31.30446952343577
1004,30.07438305127414,31.30446952343577
1005,30.07438305127414,31.30446952343577
1006,30.07438305127414,31.30446952343577
1007,30.07440585769674,31.304535625953516
1008,30.07440585769674,31.304535625953516
1009,30.07440585769674,31.304535625953516
1010,30.074420165212796,31.304577095162458
1011,30.074420165212796,31.304577095162458
1012,30.074420165212796,31.304577095162458
1013,30.074438090505595,31.304629050282706
1014,30.074438090505595,31.304629050282706
1015,30.074438090505595,31.304629050282706
1016,30.074438090505595,31.304629050282706
1017,30.074460335723312,31.30469352649063
1018,30.074460335723312,31.30469352649063
1019,30.074460335723312,31.30469352649063
1020,30.074476868629485,31.30474144604087
1021,30.074476868629485,31.30474144604087
1022,30.074476868629485,31.30474144604087
1023,30.074490112952947,31.30477983389655
1024,30.074490112952947,31.30477983389655
1025,30.074490112952947,31.30477983389655
1026,30.074490112952947,31.30477983389655
1027,30.07450078176538,31.30481075682312
1028,30.07450078176538,31.30481075682312
1029,30.07450078176538,31.30481075682312
1030,30.074519036351976,31.30486366673494
1031,30.074519036351976,31.30486366673494
1032,30.074519036351976,31.30486366673494
1033,30.074519036351976,31.30486366673494
1034,30.074541981169357,31.304930171136622
1035,30.074541981169357,31.304930171136622
1036,30.074541981169357,31.304930171136622
1037,30.074568150543612,31.305006021910764
1038,30.074568150543612,31.305006021910764
1039,30.074568150543612,31.305006021910764
1040,30.074584977227293,31.305054793397204
1041,30.074584977227293,31.305054793397204
1042,30.074584977227293,31.305054793397204
1043,30.074584977227293,31.305054793397204
1044,30.07460538363828,31.30511394067591
1045,30.07460538363828,31.30511394067591
1046,30.07460538363828,31.30511394067591
1047,30.074618478898003,31.305151896888034
1048,30.074618478898003,31.305151896888034
1049,30.074618478898003,31.305151896888034
1050,30.074618478898003,31.305151896888034
1051,30.07464295059965,31.305222827482787
1052,30.07464295059965,31.305222827482787
1053,30.07464295059965,31.305222827482787
1054,30.074659766415653,31.305271567775176
1055,30.074659766415653,31.305271567775176
1056,30.074659766415653,31.305271567775176
1057,30.074659766415653,31.305271567775176
1058,30.074677109976406,31.30532183779668
1059,30.074677109976406,31.30532183779668
1060,30.074677109976406,31.30532183779668
1061,30.074683878593408,31.30534145653998
1062,30.074683878593408,31.30534145653998
1063,30.074683878593408,31.30534145653998
1064,30.074686459912876,31.30534893846189
1065,30.074686459912876,31.30534893846189
1066,30.074686459912876,31.30534893846189
1067,30.074688792128295,31.30535569836024
1068,30.074688792128295,31.30535569836024
1069,30.074688792128295,31.30535569836024
1070,30.074688792128295,31.30535569836024
1071,30.07469964766907,31.305387163032073
1072,30.07469964766907,31.305387163032073
1073,30.07469964766907,31.305387163032073
1074,30.07470832211421,31.305412305841507
1075,30.07470832211421,31.305412305841507
1076,30.07470832211421,31.305412305841507
1077,30.07470832211421,31.305412305841507
1078,30.074710973145855,31.305419989839045
1079,30.0747294,31.305473400000004
1080,30.0747294,31.305473400000004
1081,30.0747294,31.305473400000004
1082,30.0747294,31.305473400000004
1083,30.0747294,31.305473400000004
1084,30.074728577762208,31.30547386367157
1085,30.074728577762208,31.30547386367157
1086,30.074728577762208,31.30547386367157
1087,30.074709400438685,31.305484678034105
1088,30.074709400438685,31.305484678034105
1089,30.074709400438685,31.305484678034105
1090,30.074709400438685,31.305484678034105
1091,30.074709240771476,31.30548476807267
1092,30.074709240771476,31.30548476807267
1093,30.074709240771476,31.30548476807267
1094,30.0747018827664,31.30548891735399
1095,30.0747018827664,31.30548891735399
1096,30.0747018827664,31.30548891735399
1097,30.07469427354781,31.30549320829737
1098,30.07469427354781,31.30549320829737
1099,30.07474354482061,31.305509873709468
1100,30.07474354482061,31.305509873709468
1101,30.0747666402129,31.305569427362204
1102,30.0747666402129,31.305569427362204
1103,30.0747666402129,31.305569427362204
1104,30.0747892,31.30562759999999
1105,30.0747892,31.30562759999999
1106,30.07483132373256,31.305747931387813
1107,30.07483132373256,31.305747931387813
1108,30.07483132373256,31.305747931387813
1109,30.074856197657482,31.305818986869937
1110,30.074856197657482,31.305818986869937
1111,30.074856197657482,31.305818986869937
1112,30.074856197657482,31.305818986869937
1113,30.0748715,31.305862700000002
1114,30.0748715,31.305862700000002
1115,30.074877660356105,31.30588028771164
1116,30.074877660356105,31.30588028771164
1117,30.074877660356105,31.30588028771164
1118,30.074895035953432,31.305929894793486
1119,30.074895035953432,31.305929894793486
1120,30.074895035953432,31.305929894793486
1121,30.074925431776553,31.306016674603566
1122,30.074925431776553,31.306016674603566
1123,30.074925431776553,31.306016674603566
1124,30.074941654087453,31.306062989248172
1125,30.074941654087453,31.306062989248172
1126,30.074941654087453,31.306062989248172
1127,30.07495539485283,31.306102219136598
1128,30.07495539485283,31.306102219136598
1129,30.07495539485283,31.306102219136598
1130,30.07495539485283,31.306102219136598
1131,30.074971774118943,31.30614898200291
1132,30.074971774118943,31.30614898200291
1133,30.074971774118943,31.30614898200291
1134,30.07499707852204,31.306221226292223
1135,30.07499707852204,31.306221226292223
1136,30.07499707852204,31.306221226292223
1137,30.07500646651084,31.30624802911935
1138,30.07500646651084,31.30624802911935
1139,30.07500646651084,31.30624802911935
1140,30.07500646651084,31.30624802911935
1141,30.07500646651084,31.30624802911935
1142,30.07500646651084,31.30624802911935
1143,30.07500646651084,31.30624802911935
1144,30.07500646651084,31.30624802911935
1145,30.07500646651084,31.30624802911935
1146,30.07500646651084,31.30624802911935
1147,30.07500646651084,31.30624802911935
1148,30.07500646651084,31.30624802911935
1149,30.07500646651084,31.30624802911935
1150,30.07500646651084,31.30624802911935
1151,30.07500646651084,31.30624802911935
1152,30.07500646651084,31.30624802911935
1153,30.07500646651084,31.30624802911935
1154,30.07500646651084,31.30624802911935
1155,30.07500646651084,31.30624802911935
1156,30.07500646651084,31.30624802911935
1157,30.07500646651084,31.30624802911935
1158,30.07500646651084,31.30624802911935
1159,30.07500646651084,31.30624802911935
1160,30.07500646651084,31.30624802911935
1161,30.07500646651084,31.30624802911935
1162,30.07500646651084,31.30624802911935
1163,30.07500646651084,31.30624802911935
1164,30.07500646651084,31.30624802911935
1165,30.07500646651084,31.30624802911935
1166,30.07500646651084,31.30624802911935
1167,30.07500646651084,31.30624802911935
1168,30.07500646651084,31.30624802911935
1169,30.07500646651084,31.30624802911935
1170,30.07500646651084,31.30624802911935
1171,30.07500646651084,31.30624802911935
1172,30.07500646651084,31.30624802911935
1173,30.07500646651084,31.30624802911935
1174,30.07500646651084,31.30624802911935
1175,30.07500646651084,31.30624802911935
1176,30.07500646651084,31.30624802911935
1177,30.07500646651084,31.30624802911935
1178,30.07500646651084,31.30624802911935
1179,30.07500646651084,31.30624802911935
1180,30.07500646651084,31.30624802911935
1181,30.07500646651084,31.30624802911935
1182,30.07500646651084,31.30624802911935
1183,30.07500646651084,31.30624802911935
1184,30.07500646651084,31.30624802911935
1185,30.07500646651084,31.30624802911935
1186,30.07500646651084,31.30624802911935
1187,30.07500646651084,31.30624802911935
1188,30.07500646651084,31.30624802911935
1189,30.07500646651084,31.30624802911935
1190,30.07500646651084,31.30624802911935
1191,30.07500646651084,31.30624802911935
1192,30.07500646651084,31.30624802911935
1193,30.07500646651084,31.30624802911935
1194,30.07500646651084,31.30624802911935
1195,30.07500646651084,31.30624802911935
1196,30.07500646651084,31.30624802911935
1197,30.07500646651084,31.30624802911935
1198,30.07500646651084,31.30624802911935
1199,30.07500646651084,31.30624802911935
1200,30.07500646651084,31.30624802911935
1201,30.07500646651084,31.30624802911935
1202,30.07500646651084,31.30624802911935
1203,30.07500646651084,31.30624802911935
1204,30.07500646651084,31.30624802911935
1205,30.07500646651084,31.30624802911935
1206,30.07500646651084,31.30624802911935
1207,30.07500646651084,31.30624802911935
1208,30.07500646651084,31.30624802911935
1209,30.07500646651084,31.30624802911935
1210,30.07500646651084,31.30624802911935
1211,30.07500646651084,31.30624802911935
1212,30.07500646651084,31.30624802911935
1213,30.07500646651084,31.30624802911935
1214,30.07500646651084,31.30624802911935
1215,30.07500646651084,31.30624802911935
1216,30.07500646651084,31.30624802911935
1217,30.07500646651084,31.30624802911935
1218,30.07500646651084,31.30624802911935
1219,30.07500646651084,31.30624802911935
1220,30.07500646651084,31.30624802911935
1221,30.07500646651084,31.30624802911935
1222,30.07500646651084,31.30624802911935
1223,30.07500646651084,31.30624802911935
1224,30.07500646651084,31.30624802911935
1225,30.07500646651084,31.30624802911935
1226,30.07500646651084,31.30624802911935
1227,30.07500646651084,31.30624802911935
1228,30.07500646651084,31.30624802911935
1229,30.07500646651084,31.30624802911935
1230,30.07500646651084,31.30624802911935
1231,30.07500646651084,31.30624802911935
1232,30.07500646651084,31.30624802911935
1233,30.07500646651084,31.30624802911935
1234,30.07500646651084,31.30624802911935
1235,30.07500646651084,31.30624802911935
1236,30.07500646651084,31.30624802911935
1237,30.07500646651084,31.30624802911935
1238,30.07500646651084,31.30624802911935
1239,30.07500646651084,31.30624802911935
1240,30.07500646651084,31.30624802911935
1241,30.07500646651084,31.30624802911935
1242,30.07500646651084,31.30624802911935
1243,30.07500646651084,31.30624802911935
1244,30.07500646651084,31.30624802911935
1245,30.07500646651084,31.30624802911935
1246,30.07500646651084,31.30624802911935
1247,30.07500646651084,31.30624802911935
1248,30.07500646651084,31.30624802911935
1249,30.07500646651084,31.30624802911935
1250,30.07500646651084,31.30624802911935
1251,30.07500646651084,31.30624802911935
1252,30.07500646651084,31.30624802911935
1253,30.07500646651084,31.30624802911935
1254,30.07500646651084,31.30624802911935
1255,30.07500646651084,31.30624802911935
1256,30.07500646651084,31.30624802911935
1257,30.07500646651084,31.30624802911935
1258,30.07500646651084,31.30624802911935
1259,30.07500646651084,31.30624802911935
1260,30.07500646651084,31.30624802911935
1261,30.07500646651084,31.30624802911935
1262,30.07500646651084,31.30624802911935
1263,30.07500646651084,31.30624802911935
1264,30.07500646651084,31.30624802911935
1265,30.07500646651084,31.30624802911935
1266,30.07500646651084,31.30624802911935
1267,30.07500646651084,31.30624802911935
1268,30.07500646651084,31.30624802911935
1269,30.07500646651084,31.30624802911935
1270,30.07500646651084,31.30624802911935
1271,30.07500646651084,31.30624802911935
1272,30.07500646651084,31.30624802911935
1273,30.07500646651084,31.30624802911935
1274,30.07500646651084,31.30624802911935
1275,30.07500646651084,31.30624802911935
1276,30.07500646651084,31.30624802911935
1277,30.07500646651084,31.30624802911935
1278,30.07500646651084,31.30624802911935
1279,30.07500646651084,31.30624802911935
1280,30.07500646651084,31.30624802911935
1281,30.07500646651084,31.30624802911935
1282,30.07500646651084,31.30624802911935
1283,30.07500646651084,31.30624802911935
1284,30.07500646651084,31.30624802911935
1285,30.07500646651084,31.30624802911935
1286,30.07500646651084,31.30624802911935
1287,30.07500646651084,31.30624802911935
1288,30.07500646651084,31.30624802911935
1289,30.07500646651084,31.30624802911935
1290,30.07500646651084,31.30624802911935
1291,30.07500646651084,31.30624802911935
1292,30.07500646651084,31.30624802911935
1293,30.07500646651084,31.30624802911935
1294,30.07500646651084,31.30624802911935
1295,30.07500646651084,31.30624802911935
1296,30.07500646651084,31.30624802911935
1297,30.07500646651084,31.30624802911935
1298,30.07500646651084,31.30624802911935
1299,30.07500646651084,31.30624802911935
1300,30.07500646651084,31.30624802911935
1301,30.07500646651084,31.30624802911935
1302,30.07500646651084,31.30624802911935
1303,30.07500646651084,31.30624802911935
1304,30.07500646651084,31.30624802911935
1305,30.07500646651084,31.30624802911935
1306,30.07500646651084,31.30624802911935
1307,30.07500646651084,31.30624802911935
1308,30.07500646651084,31.30624802911935
1309,30.07500646651084,31.30624802911935
1310,30.07500646651084,31.30624802911935
1311,30.07500646651084,31.30624802911935
1312,30.07500646651084,31.30624802911935
1313,30.07500646651084,31.30624802911935
1314,30.07500646651084,31.30624802911935
1315,30.07500646651084,31.30624802911935
1316,30.07500646651084,31.30624802911935
1317,30.07500646651084,31.30624802911935
1318,30.07500646651084,31.30624802911935
1319,30.07500646651084,31.30624802911935
1320,30.07500646651084,31.30624802911935
1321,30.07500646651084,31.30624802911935
1322,30.07500646651084,31.30624802911935
1323,30.07500646651084,31.30624802911935
1324,30.07500646651084,31.30624802911935
1325,30.07500646651084,31.30624802911935
1326,30.07500646651084,31.30624802911935
1327,30.07500646651084,31.30624802911935
1328,30.07500646651084,31.30624802911935
1329,30.07500646651084,31.30624802911935
1330,30.07500646651084,31.30624802911935
1331,30.07500646651084,31.30624802911935
1332,30.07500646651084,31.30624802911935
1333,30.07500646651084,31.30624802911935
1334,30.07500646651084,31.30624802911935
1335,30.07500646651084,31.30624802911935
1336,30.07500646651084,31.30624802911935
1337,30.07500646651084,31.30624802911935
1338,30.07500646651084,31.30624802911935
1339,30.07500646651084,31.30624802911935
1340,30.07500646651084,31.30624802911935
1341,30.07500646651084,31.30624802911935
1342,30.07500646651084,31.30624802911935
1343,30.07500646651084,31.30624802911935
1344,30.07500646651084,31.30624802911935
1345,30.07500646651084,31.30624802911935
1346,30.07500646651084,31.30624802911935
1347,30.07500646651084,31.30624802911935
1348,30.07500646651084,31.30624802911935
1349,30.07500646651084,31.30624802911935
1350,30.07500646651084,31.30624802911935
1351,30.07500646651084,31.30624802911935
1352,30.07500646651084,31.30624802911935
1353,30.07500646651084,31.30624802911935
1354,30.07500646651084,31.30624802911935
1355,30.07500646651084,31.30624802911935
1356,30.07500646651084,31.30624802911935
1357,30.07500646651084,31.30624802911935
1358,30.07500646651084,31.30624802911935
1359,30.07500646651084,31.30624802911935
1360,30.07500646651084,31.30624802911935
1361,30.07500646651084,31.30624802911935
1362,30.07500646651084,31.30624802911935
1363,30.07500646651084,31.30624802911935
1364,30.07500646651084,31.30624802911935
1365,30.07500646651084,31.30624802911935
1366,30.07500646651084,31.30624802911935
1367,30.07500646651084,31.30624802911935
1368,30.07500646651084,31.30624802911935
1369,30.07500646651084,31.30624802911935
1370,30.07500646651084,31.30624802911935
1371,30.07500646651084,31.30624802911935
1372,30.07500646651084,31.30624802911935
1373,30.07500646651084,31.30624802911935
1374,30.07500646651084,31.30624802911935
1375,30.07500646651084,31.30624802911935
1376,30.07500646651084,31.30624802911935
1377,30.07500646651084,31.30624802911935
1378,30.07500646651084,31.30624802911935
1379,30.07500646651084,31.30624802911935
1380,30.07500646651084,31.30624802911935
1381,30.07500646651084,31.30624802911935
1382,30.07500646651084,31.30624802911935
1383,30.07500646651084,31.30624802911935
1384,30.07500646651084,31.30624802911935
1385,30.07500646651084,31.30624802911935
1386,30.07500646651084,31.30624802911935
1387,30.07500646651084,31.30624802911935
1388,30.07500646651084,31.30624802911935
1389,30.07500646651084,31.30624802911935
1390,30.07500646651084,31.30624802911935
1391,30.07500646651084,31.30624802911935
1392,30.07500646651084,31.30624802911935
1393,30.07500646651084,31.30624802911935
1394,30.07500646651084,31.30624802911935
1395,30.07500646651084,31.30624802911935
1396,30.07500646651084,31.30624802911935
1397,30.07500646651084,31.30624802911935
1398,30.07500646651084,31.30624802911935
1399,30.07500646651084,31.30624802911935
1400,30.07500646651084,31.30624802911935
1401,30.07500646651084,31.30624802911935
1402,30.07500646651084,31.30624802911935
1403,30.07500646651084,31.30624802911935
1404,30.07500646651084,31.30624802911935
1405,30.07500646651084,31.30624802911935
1406,30.07500646651084,31.30624802911935
1407,30.07500646651084,31.30624802911935
1408,30.07500646651084,31.30624802911935
1409,30.07500646651084,31.30624802911935
1410,30.07500646651084,31.30624802911935
1411,30.07500646651084,31.30624802911935
1412,30.07500646651084,31.30624802911935
1413,30.07500646651084,31.30624802911935
1414,30.07500646651084,31.30624802911935
1415,30.07500646651084,31.30624802911935
1416,30.07500646651084,31.30624802911935
1417,30.07500646651084,31.30624802911935
1418,30.07500646651084,31.30624802911935
1419,30.07500646651084,31.30624802911935
1420,30.07500646651084,31.30624802911935
1421,30.07500646651084,31.30624802911935
1422,30.07500646651084,31.30624802911935
1423,30.07500646651084,31.30624802911935
1424,30.07500646651084,31.30624802911935
1425,30.07500646651084,31.30624802911935
1426,30.07500646651084,31.30624802911935
1427,30.07500646651084,31.30624802911935
1428,30.07500646651084,31.30624802911935
1429,30.07500646651084,31.30624802911935
1430,30.07500646651084,31.30624802911935
1431,30.07500646651084,31.30624802911935
1432,30.07500646651084,31.30624802911935
1433,30.07500646651084,31.30624802911935
1434,30.07500646651084,31.30624802911935
1435,30.07500646651084,31.30624802911935
1436,30.07500646651084,31.30624802911935
1437,30.07500646651084,31.30624802911935
1438,30.07500646651084,31.30624802911935
1439,30.07500646651084,31.30624802911935
1440,30.07500646651084,31.30624802911935
1441,30.07500646651084,31.30624802911935
1442,30.07500646651084,31.30624802911935
1443,30.07500646651084,31.30624802911935
1444,30.07500646651084,31.30624802911935
1445,30.07500646651084,31.30624802911935
1446,30.07500646651084,31.30624802911935
1447,30.07500646651084,31.30624802911935
1448,30.07500646651084,31.30624802911935
1449,30.07500646651084,31.30624802911935
1450,30.07500646651084,31.30624802911935
1451,30.07500646651084,31.30624802911935
1452,30.07500646651084,31.30624802911935
1453,30.07500646651084,31.30624802911935
1454,30.07500646651084,31.30624802911935
1455,30.07500646651084,31.30624802911935
1456,30.07500646651084,31.30624802911935
1457,30.07500646651084,31.30624802911935
1458,30.07500646651084,31.30624802911935
1459,30.07500646651084,31.30624802911935
1460,30.07500646651084,31.30624802911935
1461,30.07500646651084,31.30624802911935
1462,30.07500646651084,31.30624802911935
1463,30.07500646651084,31.30624802911935
1464,30.07500646651084,31.30624802911935
1465,30.07500646651084,31.30624802911935
1466,30.07500646651084,31.30624802911935
1467,30.07500646651084,31.30624802911935
1468,30.07500646651084,31.30624802911935
1469,30.07500646651084,31.30624802911935
1470,30.07500646651084,31.30624802911935
1471,30.07500646651084,31.30624802911935
1472,30.07500646651084,31.30624802911935
1473,30.07500646651084,31.30624802911935
1474,30.07500646651084,31.30624802911935
1475,30.07500646651084,31.30624802911935
1476,30.07500646651084,31.30624802911935
1477,30.07500646651084,31.30624802911935
1478,30.07500646651084,31.30624802911935
1479,30.07500646651084,31.30624802911935
1480,30.07500646651084,31.30624802911935
1481,30.07500646651084,31.30624802911935
1482,30.07500646651084,31.30624802911935
1483,30.07500646651084,31.30624802911935
1484,30.07500646651084,31.30624802911935
1485,30.07500646651084,31.30624802911935
1486,30.07500646651084,31.30624802911935
1487,30.07500646651084,31.30624802911935
1488,30.07500646651084,31.30624802911935
1489,30.07500646651084,31.30624802911935
1490,30.07500646651084,31.30624802911935
1491,30.07500646651084,31.30624802911935
1492,30.07500646651084,31.30624802911935
1493,30.07500646651084,31.30624802911935
1494,30.07500646651084,31.30624802911935
1495,30.07500646651084,31.30624802911935
1496,30.07500646651084,31.30624802911935
1497,30.07500646651084,31.30624802911935
1498,30.07500646651084,31.30624802911935
1499,30.07500646651084,31.30624802911935
1500,30.07500646651084,31.30624802911935
1501,30.07500646651084,31.30624802911935
1502,30.07500646651084,31.30624802911935
1503,30.07500646651084,31.30624802911935
1504,30.07500646651084,31.30624802911935
1505,30.07500646651084,31.30624802911935
1506,30.07500646651084,31.30624802911935
1507,30.07500646651084,31.30624802911935
1508,30.07500646651084,31.30624802911935
1509,30.07500646651084,31.30624802911935
1510,30.07500646651084,31.30624802911935
1511,30.07500646651084,31.30624802911935
1512,30.07500646651084,31.30624802911935
1513,30.07500646651084,31.30624802911935
1514,30.07500646651084,31.30624802911935
1515,30.07500646651084,31.30624802911935
1516,30.07500646651084,31.30624802911935
1517,30.07500646651084,31.30624802911935
1518,30.07500646651084,31.30624802911935
1519,30.07500646651084,31.30624802911935
1520,30.07500646651084,31.30624802911935
1521,30.07500646651084,31.30624802911935
1522,30.07500646651084,31.30624802911935
1523,30.07500646651084,31.30624802911935
1524,30.07683299999999,31.3111602
1525,30.07683299999999,31.3111602
1526,30.07683299999999,31.3111602
1527,30.07683299999999,31.3111602
1528,30.07683299999999,31.3111602
1529,30.07683299999999,31.3111602
1530,30.07683299999999,31.3111602
1531,30.07683299999999,31.3111602
1532,30.07761,31.312634099999997
1533,30.07761,31.312634099999997
1534,30.07761,31.312634099999997
1535,30.07761,31.312634099999997
1536,30.07761,31.312634099999997
1537,30.07761,31.312634099999997
1538,30.07761,31.312634099999997
1539,30.07761,31.312634099999997
1540,30.07761,31.312634099999997
1541,30.07761,31.312634099999997
1542,30.07761,31.312634099999997
1543,30.07761,31.312634099999997
1544,30.077594199999997,31.3127815
1545,30.077631045928612,31.31267167438624
1546,30.077631045928612,31.31267167438624
1547,30.07763164065584,31.312672736184066
1548,30.07763164065584,31.312672736184066
1549,30.07763164065584,31.312672736184066
1550,30.077646946133136,31.31270006186805
1551,30.077646946133136,31.31270006186805
1552,30.077646946133136,31.31270006186805
1553,30.077646946133136,31.31270006186805
1554,30.077669819085415,31.312740898202815
1555,30.077669819085415,31.312740898202815
1556,30.077669819085415,31.312740898202815
1557,30.077706803450834,31.312806928504155
1558,30.077706803450834,31.312806928504155
1559,30.077706803450834,31.312806928504155
1560,30.077720314558018,31.31283105068302
1561,30.077720314558018,31.31283105068302
1562,30.077720314558018,31.31283105068302
1563,30.077741204386502,31.312868346557924
1564,30.077741204386502,31.312868346557924
1565,30.0777933,31.313052600000006
1566,30.0777933,31.313052600000006
1567,30.0777933,31.313052600000006
1568,30.0777933,31.313052600000006
1569,30.07774766860784,31.312879887530467
1570,30.07774766860784,31.312879887530467
1571,30.07774766860784,31.312879887530467
1572,30.07772967319917,31.312847759227115
1573,30.077730919932204,31.31284998509502
1574,30.077730919932204,31.31284998509502
1575,30.077730919932204,31.31284998509502
1576,30.077751707976955,31.312887099266636
1577,30.077751707976955,31.312887099266636
1578,30.077751707976955,31.312887099266636
1579,30.077769401739953,31.31291868905416
1580,30.077769401739953,31.31291868905416
1581,30.077769401739953,31.31291868905416
1582,30.077793395607806,31.312961526854572
1583,30.077793395607806,31.312961526854572
1584,30.077793395607806,31.312961526854572
1585,30.077827906382357,31.313023141247033
1586,30.077827906382357,31.313023141247033
1587,30.077827906382357,31.313023141247033
1588,30.077827906382357,31.313023141247033
1589,30.077865728924756,31.31309066846828
1590,30.077865728924756,31.31309066846828
1591,30.077865728924756,31.31309066846828
1592,30.077895909390445,31.313144551838548
1593,30.077895909390445,31.313144551838548
1594,30.077895909390445,31.313144551838548
1595,30.077920240239038,31.313187991516457
1596,30.077920240239038,31.313187991516457
1597,30.077920240239038,31.313187991516457
1598,30.077943789118695,31.313230035131554
1599,30.077943789118695,31.313230035131554
1600,30.077943789118695,31.313230035131554
1601,30.077966276088848,31.31327018287941
1602,30.077966276088848,31.31327018287941
1603,30.077966276088848,31.31327018287941
1604,30.077982673650244,31.31329945875442
1605,30.077982673650244,31.31329945875442
1606,30.077982673650244,31.31329945875442
1607,30.077995848830348,31.313322981470396
1608,30.077995848830348,31.313322981470396
1609,30.077995848830348,31.313322981470396
1610,30.077999510818653,31.313329519517094
1611,30.077999510818653,31.313329519517094
1612,30.077999510818653,31.313329519517094
1613,30.078002662002255,31.313335145583324
1614,30.078002662002255,31.313335145583324
1615,30.078002662002255,31.313335145583324
1616,30.078007073127484,31.31334302112784
1617,30.078007073127484,31.31334302112784
1618,30.078007073127484,31.31334302112784
1619,30.078011827127135,31.313351508835975
1620,30.078011827127135,31.313351508835975
1621,30.078011827127135,31.313351508835975
1622,30.078012495569084,31.313352702260744
1623,30.078012495569084,31.313352702260744
1624,30.078012495569084,31.313352702260744
1625,30.078013202999124,31.31335396529419
1626,30.078013202999124,31.31335396529419
1627,30.078013202999124,31.31335396529419
1628,30.078015212453376,31.313357552939582
1629,30.078015212453376,31.313357552939582
1630,30.078015212453376,31.313357552939582
1631,30.078017120827806,31.313360960119038
1632,30.078017120827806,31.313360960119038
1633,30.078017120827806,31.313360960119038
1634,30.07803471040959,31.31339236427484
1635,30.07803471040959,31.31339236427484
1636,30.07803471040959,31.31339236427484
1637,30.07803471040959,31.31339236427484
1638,30.0780433,31.313407700000003
1639,30.0780433,31.313407700000003
1640,30.078055331629184,31.313426376634876
1641,30.078055331629184,31.313426376634876
1642,30.078055331629184,31.313426376634876
1643,30.07808096396877,31.313466165609984
1644,30.07808096396877,31.313466165609984
1645,30.07808096396877,31.313466165609984
1646,30.0781085081394,31.31350892235628
1647,30.0781085081394,31.31350892235628
1648,30.0781085081394,31.31350892235628
1649,30.078131371620355,31.313544413314244
1650,30.078131371620355,31.313544413314244
1651,30.078131371620355,31.313544413314244
1652,30.078150562060767,31.313574202639227
1653,30.078150562060767,31.313574202639227
1654,30.078150562060767,31.313574202639227
1655,30.078169824241552,31.313604103348926
1656,30.078169824241552,31.313604103348926
1657,30.078169824241552,31.313604103348926
1658,30.078197312849493,31.31364677399115
1659,30.078197312849493,31.31364677399115
1660,30.078197312849493,31.31364677399115
1661,30.07822690075403,31.313692703427712
1662,30.07822690075403,31.313692703427712
1663,30.07822690075403,31.313692703427712
1664,30.07822690075403,31.313692703427712
1665,30.07822690075403,31.313692703427712
1666,30.07822690075403,31.313692703427712
1667,30.07822690075403,31.313692703427712
1668,30.07822690075403,31.313692703427712
1669,30.07822690075403,31.313692703427712
1670,30.07822690075403,31.313692703427712
1671,30.07822690075403,31.313692703427712
1672,30.07822690075403,31.313692703427712
1673,30.07822690075403,31.313692703427712
1674,30.07822690075403,31.313692703427712
1675,30.07822690075403,31.313692703427712
1676,30.07822690075403,31.313692703427712
1677,30.07822690075403,31.313692703427712
1678,30.07822690075403,31.313692703427712
1679,30.07822690075403,31.313692703427712
1680,30.07822690075403,31.313692703427712
1681,30.07822690075403,31.313692703427712
1682,30.07822690075403,31.313692703427712
1683,30.07822690075403,31.313692703427712
1684,30.07822690075403,31.313692703427712
1685,30.07822690075403,31.313692703427712
1686,30.07822690075403,31.313692703427712
1687,30.07822690075403,31.313692703427712
1688,30.07822690075403,31.313692703427712
1689,30.07822690075403,31.313692703427712
1690,30.07822690075403,31.313692703427712
1691,30.07822690075403,31.313692703427712
1692,30.07822690075403,31.313692703427712
1693,30.07822690075403,31.313692703427712
1694,30.07822690075403,31.313692703427712
1695,30.07822690075403,31.313692703427712
1696,30.07822690075403,31.313692703427712
1697,30.07822690075403,31.313692703427712
1698,30.07822690075403,31.313692703427712
1699,30.07822690075403,31.313692703427712
1700,30.07822690075403,31.313692703427712
1701,30.07822690075403,31.313692703427712
1702,30.07822690075403,31.313692703427712
1703,30.07822690075403,31.313692703427712
1704,30.07822690075403,31.313692703427712
1705,30.078552423949077,31.314198017989817
1706,30.078552423949077,31.314198017989817
1707,30.078552423949077,31.314198017989817
1708,30.078600970927926,31.31427337873886
1709,30.078600970927926,31.31427337873886
1710,30.078600970927926,31.31427337873886
1711,30.078637297603095,31.31432976968189
1712,30.078637297603095,31.31432976968189
1713,30.078637297603095,31.31432976968189
1714,30.07864162898344,31.31433649341349
1715,30.07864162898344,31.31433649341349
1716,30.07864162898344,31.31433649341349
1717,30.07865663555135,31.314359788567494
1718,30.07865663555135,31.314359788567494
1719,30.07865663555135,31.314359788567494
1720,30.078661163705036,31.314366817761485
1721,30.078661163705036,31.314366817761485
1722,30.078661163705036,31.314366817761485
1723,30.078689882688856,31.31441139916303
1724,30.078689882688856,31.31441139916303
1725,30.078689882688856,31.31441139916303
1726,30.078701503593464,31.314429438680712
1727,30.078701503593464,31.314429438680712
1728,30.078701503593464,31.314429438680712
1729,30.078701503593464,31.314429438680712
1730,30.07871237132807,31.314446309034782
1731,30.07871237132807,31.314446309034782
1732,30.07871237132807,31.314446309034782
1733,30.078728126293033,31.314470766015294
1734,30.078728126293033,31.314470766015294
1735,30.078728126293033,31.314470766015294
1736,30.078732393117562,31.3144773895581
1737,30.078732393117562,31.3144773895581
1738,30.078732393117562,31.3144773895581
1739,30.07873772317836,31.3144856636017
1740,30.07873772317836,31.3144856636017
1741,30.07873772317836,31.3144856636017
1742,30.07875809730482,31.314517291101033
1743,30.07875809730482,31.314517291101033
1744,30.07875809730482,31.314517291101033
1745,30.078775936184112,31.31454498306409
1746,30.078775936184112,31.31454498306409
1747,30.078775936184112,31.31454498306409
1748,30.07880128236162,31.314584328921136
1749,30.07880128236162,31.314584328921136
1750,30.07880128236162,31.314584328921136
1751,30.07882548820497,31.314621904628904
1752,30.07882548820497,31.314621904628904
1753,30.07882548820497,31.314621904628904
1754,30.07885008574887,31.31466008842509
1755,30.07885008574887,31.31466008842509
1756,30.07885008574887,31.31466008842509
1757,30.078873623756444,31.314696627492534
1758,30.078873623756444,31.314696627492534
1759,30.078873623756444,31.314696627492534
1760,30.078902864606103,31.314742019374535
1761,30.078902864606103,31.314742019374535
1762,30.078902864606103,31.314742019374535
1763,30.078902864606103,31.314742019374535
1764,30.078935326500446,31.314792411488433
1765,30.078935326500446,31.314792411488433
1766,30.078935326500446,31.314792411488433
1767,30.078960700000007,31.3148318
1768,30.078960700000007,31.3148318
1769,30.078960700000007,31.3148318
1770,30.079010650919678,31.314893299040033
1771,30.079010650919678,31.314893299040033
1772,30.079010650919678,31.314893299040033
1773,30.079010650919678,31.314893299040033
1774,30.07908805527196,31.31498859864606
1775,30.07908805527196,31.31498859864606
1776,30.07908805527196,31.31498859864606
1777,30.07908805527196,31.31498859864606
1778,30.07908805527196,31.31498859864606
1779,30.079132231692146,31.315042988398396
1780,30.079132231692146,31.315042988398396
1781,30.079132231692146,31.315042988398396
1782,30.079132231692146,31.315042988398396
1783,30.079132231692146,31.315042988398396
1784,30.079132231692146,31.315042988398396
1785,30.079192989049574,31.315117792628893
1786,30.079192989049574,31.315117792628893
1787,30.079192989049574,31.315117792628893
1788,30.079192989049574,31.315117792628893
1789,30.079192989049574,31.315117792628893
1790,30.079192989049574,31.315117792628893
1791,30.079242074518135,31.315178226578805
